[
    {
        "name": "hello",
        "triggers": [
            "merhaba",
            "selam",
            "hey",
            "hi"
        ],
        "handler_function": "handle_hello"
    },
    {
        "name": "time",
        "triggers": [
            "saat",
            "zaman",
            "vakit",
            "time"
        ],
        "handler_function": "handle_time"
    },
    {
        "name": "help",
        "triggers": [
            "yardım",
            "help",
            "destek",
            "komutlar"
        ],
        "handler_function": "handle_help"
    }
]